{
  "rmse": 0.6440727289021878,
  "mae": 0.664185324132521,
  "r2": 0.01443465324371207
}