{
  "rmse": 0.6119028220995243,
  "mae": 0.6447168007558673,
  "r2": 0.06366130720735097
}